<?xml version="1.0" encoding="UTF-8"?>

<project>
  <extend>../project.xml</extend>
  <name>Collections</name>
  <id>commons-collections</id>
  <currentVersion>3.0</currentVersion>

  <organization>
    <name>Apache Software Foundation</name>
    <url>http://www.apache.org</url>
    <logo>http://jakarta.apache.org/images/jakarta-logo.gif</logo>
  </organization>
  
  <package>org.apache.commons.collections.*</package>
  <inceptionYear>2001</inceptionYear>
  <gumpRepositoryId>jakarta</gumpRepositoryId>
  <logo>/images/logo.png</logo>
  <shortDescription>Commons Collections</shortDescription>

  <description>
    Types that extend and augment the Java Collections Framework.
  </description>
  
  <developers>
    <developer>
      <name>Stephen Colebourne</name>
      <id>scolebourne</id>
      <email></email>
      <organization></organization>
    </developer>
    <developer>
      <name>Morgan Delagrange</name>
      <id>morgand</id>
      <email></email>
      <organization></organization>
    </developer>
    <developer>
      <name>Matthew Hawthorne</name>
      <id>matth</id>
      <email></email>
      <organization></organization>
    </developer>
    <developer>
      <name>Geir Magnusson</name>
      <id>geirm</id>
      <email></email>
      <organization></organization>
    </developer>
    <developer>
      <name>Craig McClanahan</name>
      <id>craigmcc</id>
      <email></email>
      <organization></organization>
    </developer>
    <developer>
      <name>Phil Steitz</name>
      <id>psteitz</id>
      <email></email>
      <organization></organization>
    </developer>
    <developer>
      <name>Arun M. Thomas</name>
      <id>amamment</id>
      <email></email>
      <organization></organization>
    </developer>
    <developer>
      <name>Rodney Waldhoff</name>
      <id>rwaldhoff</id>
      <email></email>
      <organization></organization>
    </developer>
    <developer>
      <name>Henri Yandell</name>
      <id>bayard</id>
      <email></email>
      <organization></organization>
    </developer>
  </developers>
  
  <contributors>
    <contributor>
      <name>Max Rydahl Andersen</name>
    </contributor>
    <contributor>
      <name>Federico Barbieri</name>
    </contributor>
    <contributor>
      <name>Arron Bates</name>
    </contributor>
    <contributor>
      <name>Nicola Ken Barozzi</name>
    </contributor>
    <contributor>
      <name>Ola Berg</name>
    </contributor>
    <contributor>
      <name>Christopher Berry</name>
    </contributor>
    <contributor>
      <name>Janek Bogucki</name>
    </contributor>
    <contributor>
      <name>Chuck Burdick</name>
    </contributor>
    <contributor>
      <name>Dave Bryson</name>
    </contributor>
    <contributor>
      <name>Julien Buret</name>
    </contributor>
    <contributor>
      <name>Jonathan Carlson</name>
    </contributor>
    <contributor>
      <name>Ram Chidambaram</name>
    </contributor>
    <contributor>
      <name>Peter Donald</name>
    </contributor>
    <contributor>
      <name>Steve Downey</name>
    </contributor>
    <contributor>
      <name>Rich Dougherty</name>
    </contributor>
    <contributor>
      <name>Stefano Fornari</name>
    </contributor>
    <contributor>
      <name>Andrew Freeman</name>
    </contributor>
    <contributor>
      <name>Gerhard Froehlich</name>
    </contributor>
    <contributor>
      <name>Paul Jack</name>
    </contributor>
    <contributor>
      <name>Eric Johnson</name>
    </contributor>
    <contributor>
      <name>Kent Johnson</name>
    </contributor>
    <contributor>
      <name>Marc Johnson</name>
    </contributor>
    <contributor>
      <name>Nissim Karpenstein</name>
    </contributor>
    <contributor>
      <name>Mohan Kishore</name>
    </contributor>
    <contributor>
      <name>Simon Kitching</name>
    </contributor>
    <contributor>
      <name>Peter KoBek</name>
    </contributor>
    <contributor>
      <name>David Leppik</name>
    </contributor>
    <contributor>
      <name>Berin Loritsch</name>
    </contributor>
    <contributor>
      <name>Stefano Mazzocchi</name>
    </contributor>
    <contributor>
      <name>Brian McCallister</name>
    </contributor>
    <contributor>
      <name>Leon Messerschmidt</name>
    </contributor>
    <contributor>
      <name>Mauricio S. Moura</name>
    </contributor>
    <contributor>
      <name>Kasper Nielsen</name>
    </contributor>
    <contributor>
      <name>Steve Phelps</name>
    </contributor>
    <contributor>
      <name>Ilkka Priha</name>
    </contributor>
    <contributor>
      <name>Herve Quiroz</name>
    </contributor>
    <contributor>
      <name>Daniel Rall</name>
    </contributor>
    <contributor>
      <name>Henning P. Schmiedehausen</name>
    </contributor>
    <contributor>
      <name>Howard Lewis Ship</name>
    </contributor>
    <contributor>
      <name>Joe Raysa</name>
    </contributor>
    <contributor>
      <name>Michael Smith</name>
    </contributor>
    <contributor>
      <name>Jan Sorensen</name>
    </contributor>
    <contributor>
      <name>Jon S. Stevens </name>
    </contributor>
    <contributor>
      <name>James Strachan</name>
    </contributor>
    <contributor>
      <name>Leo Sutic</name>
    </contributor>
    <contributor>
      <name>Neil O'Toole</name>
    </contributor>
    <contributor>
      <name>Jeff Turner</name>
    </contributor>
    <contributor>
      <name>Jeff Varszegi</name>
    </contributor>
    <contributor>
      <name>Ralph Wagner</name>
    </contributor>
    <contributor>
      <name>David Weinrich</name>
    </contributor>
    <contributor>
      <name>Dieter Wimberger</name>
    </contributor>
    <contributor>
      <name>Serhiy Yevtushenko</name>
    </contributor>
    <contributor>
      <name>Jason van Zyl</name>
    </contributor>
  </contributors>

  <dependencies>
    <dependency>
      <id>junit</id>
      <version>3.8.1</version>
    </dependency>
  </dependencies>

  <build>
    <unitTest>
      <includes>
        <include>org/apache/commons/collections/TestAllPackages.java</include>
      </includes>
    </unitTest>
  </build>

  <reports>
     <report>maven-changelog-plugin</report>
     <report>maven-changes-plugin</report>
     <!--report>maven-checkstyle-plugin</report-->
     <!--report>maven-clover-plugin</report-->
     <report>maven-developer-activity-plugin</report>
     <report>maven-file-activity-plugin</report>
     <report>maven-javadoc-plugin</report>
     <!--report>maven-jellydoc-plugin</report-->
     <report>maven-junit-report-plugin</report>
     <report>maven-jxr-plugin</report>
     <report>maven-license-plugin</report>
     <!--report>maven-linkcheck-plugin</report-->
     <!--report>maven-statcvs-plugin</report-->
     <!--report>maven-tasklist-plugin</report-->
  </reports>

</project>
